[
    {
        "id": 0,
        "name": "普通物理学",
        "price": 52.8,
        "broken": 1,
        "tag": [
            "物理",
            "专业"
        ],
        "account": "1",
        "information": "114514",
        "sale": 1,
        "image_path": "image\\普通物理学.jpg"
    },
    {
        "id": 1,
        "name": "美的历程",
        "price": 65.0,
        "broken": 4,
        "tag": [
            "通俗",
            "历史",
            "人文"
        ],
        "account": "1234",
        "information": "114514",
        "sale": 1,
        "image_path": "image\\美的历程.jpg"
    },
    {
        "id": 2,
        "name": "人间失格",
        "price": 39.0,
        "broken": 2,
        "tag": [
            "日本",
            "通俗",
            "心理"
        ],
        "account": "12312213",
        "information": "114514",
        "sale": 0,
        "image_path": "image\\人间失格.jpg"
    },
    {
        "id": 3,
        "name": "高等代数",
        "price": 120.0,
        "broken": 1,
        "tag": [
            "数学",
            "专业"
        ],
        "account": "12312213",
        "information": "114514",
        "sale": 1,
        "image_path": "image\\高等代数.jpg"
    },
    {
        "id": 4,
        "name": "西游记",
        "price": 90.0,
        "broken": 0,
        "tag": [
            "小说",
            "通俗",
            "古典"
        ],
        "account": "1234",
        "information": "114514",
        "sale": 1,
        "image_path": "image\\西游记.jpg"
    },
    {
        "id": 5,
        "name": "杜立德医生的故事",
        "price": 55.0,
        "broken": 4,
        "tag": [
            "心理",
            "通俗",
            "儿童"
        ],
        "account": "1",
        "information": "114514",
        "sale": 1,
        "image_path": "image\\杜立德医生的故事.jpg"
    },
    {
        "id": 6,
        "name": "新东方六级词汇",
        "price": 48.0,
        "broken": 2,
        "tag": [
            "备考",
            "英语",
            "专业"
        ],
        "account": "123",
        "information": "114514",
        "sale": 0,
        "image_path": "image\\新东方六级词汇.jpg"
    },
    {
        "id": 7,
        "name": "唐诗三百首",
        "price": 55.0,
        "broken": 3,
        "tag": [
            "诗词",
            "文学",
            "古典"
        ],
        "account": "12123",
        "information": "114514",
        "sale": 1,
        "image_path": "image\\唐诗三百首.jpg"
    },
    {
        "id": 8,
        "name": "泰戈尔诗选",
        "price": 42.0,
        "broken": 2,
        "tag": [
            "诗词",
            "印度",
            "古典"
        ],
        "account": "1",
        "information": "114514",
        "sale": 1,
        "image_path": "image\\泰戈尔诗选.jpg"
    },
    {
        "id": 9,
        "name": "编译原理",
        "price": 56.0,
        "broken": 1,
        "tag": [
            "专业",
            "计算机"
        ],
        "account": "23123",
        "information": "114514",
        "sale": 1,
        "image_path": "image\\编译原理.jpg"
    },
    {
        "id": 10,
        "name": "星火英语六级",
        "price": 49.0,
        "broken": 4,
        "tag": [
            "备考",
            "英语",
            "专业"
        ],
        "account": "123",
        "information": "114514",
        "sale": 1,
        "image_path": "image\\星火英语六级.jpg"
    },
    {
        "id": 11,
        "name": "草房子",
        "price": 39.0,
        "broken": 5,
        "tag": [
            "通俗",
            "小说",
            "儿童"
        ],
        "account": "12312213",
        "information": "114514",
        "sale": 1,
        "image_path": "image\\草房子.jpg"
    },
    {
        "id": 12,
        "name": "123",
        "price": 123.0,
        "broken": 0,
        "tag": [
            "编程开发"
        ],
        "account": "1",
        "information": "123",
        "sale": 0,
        "image_path": "image\\b70e81fcbe124ed083adcfb05cba2df5.jpg"
    },
    {
        "id": 13,
        "name": "人间失格",
        "price": 39.0,
        "broken": 1,
        "tag": [
            "通俗",
            "心理"
        ],
        "account": "12312213",
        "information": "114514",
        "sale": 0,
        "image_path": "image\\人间失格.jpg"
    },
    {
        "id": 14,
        "name": "123",
        "price": 123.0,
        "broken": 2,
        "tag": [
            "编程开发",
            "文学小说",
            "经济学"
        ],
        "account": "1",
        "information": "123123",
        "sale": 0,
        "image_path": "image\\dcc3a3a70ffb453cb50304d03d785462.jpg"
    },
    {
        "id": 15,
        "name": "人间失格",
        "price": 39.0,
        "broken": 0,
        "tag": [
            "日本",
            "通俗",
            "心理"
        ],
        "account": "12312213",
        "information": "114514",
        "sale": 0,
        "image_path": "image\\人间失格.jpg"
    },
    {
        "id": 16,
        "name": "人间失格",
        "price": 39.0,
        "broken": 0,
        "tag": [
            "日本",
            "通俗",
            "心理"
        ],
        "account": "12312213",
        "information": "114514",
        "sale": 0,
        "image_path": "image\\人间失格.jpg"
    },
    {
        "id": 17,
        "name": "人间失格",
        "price": 39.1,
        "broken": 0,
        "tag": [
            "日本",
            "通俗",
            "心理"
        ],
        "account": "12312213",
        "information": "114514",
        "sale": 0,
        "image_path": "image\\人间失格.jpg"
    },
    {
        "id": 18,
        "name": "test",
        "price": 123.0,
        "broken": 0,
        "tag": [
            "编程开发",
            "文学小说",
            "经济学",
            "心理学"
        ],
        "account": "1",
        "information": "123",
        "sale": 0,
        "image_path": "image\\f3e308170d574c39ad31dc9614124e23.png"
    },
    {
        "id": 19,
        "name": "123",
        "price": 123.0,
        "broken": 0,
        "tag": [
            "编程开发",
            "文学小说",
            "经济学"
        ],
        "account": "1",
        "information": "123123",
        "sale": 0,
        "image_path": "image\\05f7cc0a4b4b4707a94fbf4504b9c79a.png"
    },
    {
        "id": 20,
        "name": "man",
        "price": 24.0,
        "broken": 5,
        "tag": [
            "manbaout"
        ],
        "account": "123",
        "information": "what can i say",
        "sale": 0,
        "image_path": "image\\02c96be2079341678174e5bdadb05b4a.jpg"
    },
    {
        "id": 21,
        "name": "人间失格",
        "price": 39.1,
        "broken": 0,
        "tag": [
            "日本",
            "通俗",
            "心理"
        ],
        "account": "12312213",
        "information": "114514",
        "sale": 1,
        "image_path": "image\\人间失格.jpg"
    }
]